period_days,transit_count,signal_depth,snr,odd_even_diff,out_of_transit_variance,secondary_dip_ratio,target_id,is_planet
1.0755,23,0.00315,2.27,6e-05,0.001388,0.72,TIC 145027461,0
1.1633,24,0.00273,2.35,1.9e-05,0.001164,0.7102,TIC 67309890,0
0.6658,35,0.01137,2.32,1.4e-05,0.004893,0.0,TIC 22020459,0
7.1528,3,0.0039,2.32,0.000211,0.001681,0.7084,TIC 232941965,1
1.2511,19,0.14686,2.33,0.000847,0.063065,0.7083,TIC 146463781,0
11.3767,2,0.02543,2.32,0.000476,0.01094,0.7062,TIC 366576758,1
2.1876,12,0.00368,2.33,3.9e-05,0.00158,0.6999,TIC 197650870,0
7.4942,3,0.01103,2.33,0.000207,0.004743,0.7067,TIC 262715204,1
10.1866,2,0.00169,2.27,2.5e-05,0.000747,0.6779,TIC 207468071,0
8.9672,2,0.00259,2.29,5.5e-05,0.001129,0.7041,TIC 154089169,1
10.2744,2,0.01932,2.56,0.000591,0.007535,0.6437,TIC 424747720,0
14.5373,1,0.00794,2.3,0.000253,0.003446,0.6821,TIC 40292751,1
11.9035,2,0.00532,2.45,5e-06,0.002171,0.6687,TIC 308073360,1
7.1041,3,0.00062,2.31,4.4e-05,0.000267,0.6796,TIC 130181866,1
16.7419,1,0.00179,2.21,1e-06,0.000811,0.7256,TIC 268334473,1
18.8977,1,0.00727,4.68,2e-06,0.001556,0.2806,TIC 270841724,0
0.6951,37,0.00191,2.37,1e-06,0.000805,0.0,TIC 242536549,0
2.1193,11,0.01979,2.36,0.000453,0.008404,0.6917,TIC 239136269,0
2.1388,11,0.02287,3.19,2.9e-05,0.00717,0.5142,TIC 382602147,1
6.0408,4,0.00158,2.41,4.9e-05,0.000656,0.6716,TIC 266980320,1
12.3814,1,0.00145,2.27,2e-05,0.00064,0.7054,TIC 366484980,1
6.9382,3,0.02806,2.32,0.000101,0.012086,0.7084,TIC 98545929,1
1.2706,21,0.00893,2.33,0.00012,0.003825,0.7134,TIC 452006073,1
18.9855,1,0.00094,2.39,5.5e-05,0.000395,0.6515,TIC 82308728,1
1.7779,13,0.01,2.34,0.000114,0.004272,0.6968,TIC 66356824,0
0.6073,45,0.00617,1.34,6.7e-05,0.004591,0.0,TIC 299798795,1
1.8754,13,0.01705,2.32,0.000247,0.00735,0.7089,TIC 44745077,0
0.6853,38,0.01944,2.38,0.00038,0.008156,0.0,TIC 81212286,0
4.5093,5,0.00748,2.23,5.8e-05,0.003361,0.6975,TIC 125739286,1
16.8297,1,0.0036,2.38,4e-06,0.001514,0.6741,TIC 306472057,1
17.2589,1,0.00445,2.3,0.000114,0.001933,0.7034,TIC 348844154,0
10.6353,1,0.00507,2.39,0.000223,0.002124,0.679,TIC 92226327,1
0.5195,48,0.00485,2.01,2e-06,0.002411,0.0,TIC 156115721,0
11.445,1,0.001,2.33,9e-06,0.000427,0.6972,TIC 120896927,1
5.4945,4,0.00156,2.23,2.7e-05,0.0007,0.7023,TIC 71582156,1
2.7046,9,0.01022,2.36,9e-06,0.004329,0.6912,TIC 153078576,1
0.8804,27,0.01909,2.32,0.000122,0.008241,0.7372,TIC 182470056,0
1.3389,20,0.02769,10.63,0.001051,0.002604,0.1465,TIC 402026209,1
1.1926,24,0.00246,2.3,6.2e-05,0.001066,0.679,TIC 377144784,0
1.8754,13,0.00692,2.29,0.000115,0.003021,0.6976,TIC 1405997635,0
3.7484,6,0.00169,2.23,1.9e-05,0.000756,0.7105,TIC 287474726,0
7.1918,3,0.00737,2.26,3.1e-05,0.003257,0.7079,TIC 257527578,1
4.6166,5,0.01385,2.35,5e-06,0.005883,0.6936,TIC 268042363,0
2.4997,10,0.01568,2.53,0.000333,0.006208,0.6498,TIC 102068384,1
6.948,3,0.01085,4.99,0.000543,0.002175,0.3199,TIC 321857016,1
18.5465,1,0.00864,2.24,0.000111,0.003848,0.708,TIC 411839167,1
15.2299,1,0.00123,2.25,2e-05,0.000546,0.6916,TIC 260647166,1
9.572,2,0.00199,2.39,2.2e-05,0.00083,0.6642,TIC 86280613,0
7.0748,3,0.00108,2.24,3e-06,0.000482,0.704,TIC 408618999,1
3.6801,6,0.00203,3.05,1.5e-05,0.000664,0.5252,TIC 186812530,1
13.9812,1,0.02208,2.31,0.000428,0.009561,0.7019,TIC 271971130,1
5.3287,5,0.00848,2.34,0.000219,0.003625,0.6984,TIC 20988926,0
16.1468,1,0.00324,2.44,9.8e-05,0.001327,0.6553,TIC 456945304,1
7.0455,3,0.00052,2.31,4e-06,0.000224,0.6908,TIC 407966340,1
4.3727,5,0.00287,2.36,1.5e-05,0.001217,0.6942,TIC 134396419,0
17.1711,1,0.00472,2.21,6e-06,0.002135,0.7051,TIC 446549905,0
15.7371,1,0.00232,2.4,2.9e-05,0.000965,0.6719,TIC 237185205,0
2.5973,9,0.00658,2.34,2.6e-05,0.002808,0.6927,TIC 54962195,1
4.1386,5,0.00568,2.77,1.3e-05,0.002052,0.5746,TIC 229400092,1
13.9715,1,0.00681,2.33,5.1e-05,0.002925,0.707,TIC 31656385,0
3.6118,7,0.00602,4.22,5e-05,0.001428,0.3682,TIC 203189770,1
3.007,7,0.01501,2.33,0.000461,0.006441,0.716,TIC 251209368,0
0.5,55,0.00756,2.28,3.6e-05,0.00332,0.0,TIC 190743990,0
2.9192,8,0.00851,2.31,0.000124,0.003691,0.6902,TIC 256722647,1
2.2071,10,0.00802,2.51,0.000217,0.003193,0.6428,TIC 180991313,1
6.0213,4,0.00287,2.31,3.4e-05,0.001239,0.7008,TIC 285666479,0
15.2299,1,0.00123,2.25,2e-05,0.000546,0.6916,TIC 260647166,1
11.5328,2,0.00125,4.3,4.2e-05,0.00029,0.3371,TIC 394137592,1
2.7631,9,0.00901,2.33,6.6e-05,0.003863,0.7086,TIC 199162630,0
6.4895,3,0.01029,3.62,0.000119,0.002839,0.4697,TIC 358516596,1
17.054,1,0.00213,2.28,6.6e-05,0.000934,0.7053,TIC 243244680,1
2.8119,9,0.06241,2.33,0.001305,0.026839,0.7191,TIC 27990610,1
13.074,1,0.00262,2.3,5.9e-05,0.001138,0.6894,TIC 232976128,1
11.484,2,0.00407,2.2,1.4e-05,0.001846,0.6876,TIC 412014494,0
1.7389,12,0.00298,2.38,3.6e-05,0.001253,0.6725,TIC 20178111,0
8.8697,3,0.00272,2.25,2.4e-05,0.001209,0.7225,TIC 137500798,0
2.6558,10,0.00176,2.34,1.9e-05,0.000752,0.6956,TIC 387664868,0
15.7176,1,0.00383,3.85,1.5e-05,0.000994,0.4013,TIC 165987272,1
0.8317,29,0.00302,2.27,8e-05,0.001328,0.6463,TIC 145982812,0
18.5563,1,0.00063,2.45,2.7e-05,0.000256,0.6549,TIC 200723869,1
2.5193,8,0.01601,3.05,6.6e-05,0.005243,0.5355,TIC 59843967,1
0.7439,35,0.04064,2.34,0.000903,0.017358,0.0,TIC 405010127,1
18.6831,1,0.00124,2.38,3.1e-05,0.00052,0.6851,TIC 309402106,0
1.6316,14,0.03164,2.35,0.000834,0.013475,0.7021,TIC 310267134,0
8.8697,3,0.0044,2.57,0.000191,0.001714,0.6355,TIC 394050135,1
2.2754,11,0.00662,2.38,1.1e-05,0.002787,0.6895,TIC 28643432,0
4.6068,5,0.00781,2.24,2.1e-05,0.003484,0.7044,TIC 140706664,0
2.2559,12,0.00656,2.44,0.000143,0.002695,0.6657,TIC 183120439,1
11.3474,2,0.00307,2.34,3.3e-05,0.001311,0.7055,TIC 179582003,1
16.9467,1,0.00135,2.59,7.4e-05,0.000522,0.5952,TIC 70887357,0
12.7131,2,0.02448,2.54,0.000251,0.009622,0.6295,TIC 158490401,1
5.8164,4,0.01598,2.38,0.000535,0.006717,0.6881,TIC 376939759,1
3.446,7,0.00262,2.4,6.4e-05,0.001094,0.6655,TIC 317951248,0
1.017,27,0.30941,2.37,0.002105,0.130654,0.7086,TIC 138359318,1
11.3279,2,0.0009,2.28,3e-06,0.000394,0.6824,TIC 464646604,1
3.046,9,0.0221,2.65,0.000332,0.008345,0.6158,TIC 289793076,1
0.978,24,0.00419,2.31,2.8e-05,0.001814,0.7315,TIC 14570099,1
1.6316,15,0.05637,4.69,0.000465,0.012025,0.35,TIC 419411415,1
1.7681,15,0.00589,3.63,0.000357,0.001619,0.4283,TIC 158324245,1
6.8407,3,0.00444,4.1,0.000235,0.001084,0.3666,TIC 17005768,0
11.5328,2,0.00355,2.29,6.6e-05,0.00155,0.7039,TIC 160162987,0
13.0935,1,0.0181,2.34,8e-05,0.00775,0.6995,TIC 9032368,0
3.1436,7,0.01914,2.36,0.000145,0.008116,0.6891,TIC 177612321,0
3.0558,7,0.01253,2.32,0.000176,0.005399,0.7083,TIC 132534906,0
17.9612,1,0.00153,2.28,1.7e-05,0.000672,0.6946,TIC 179034327,1
6.4505,4,0.00652,6.59,9e-05,0.000989,0.2364,TIC 233390838,0
3.2411,8,0.00845,2.7,7.6e-05,0.003125,0.5851,TIC 245509452,1
19.0635,1,0.00585,2.39,2.1e-05,0.002451,0.6863,TIC 115524421,1
4.7336,4,0.00606,2.35,3.7e-05,0.002582,0.6912,TIC 427348923,0
5.8262,3,0.00191,2.22,1.7e-05,0.00086,0.6966,TIC 194736418,1
3.3972,7,0.00891,2.58,9.3e-05,0.003456,0.6385,TIC 327952677,1
3.3777,7,0.01625,2.59,9.8e-05,0.006282,0.6442,TIC 325670253,1
15.0543,1,0.00094,2.55,5.8e-05,0.000369,0.6208,TIC 304142124,1
1.0073,51,0.03782,2.05,0.00065,0.018421,0.7039,TIC 142938659,0
0.5293,45,0.00586,2.26,1.9e-05,0.002587,0.0,TIC 375225453,0
4.0313,5,0.00314,2.41,4.8e-05,0.0013,0.6645,TIC 445903569,1
3.2801,7,0.00769,3.24,0.000128,0.002375,0.499,TIC 198008005,1
17.2296,1,0.00306,2.9,9e-05,0.001056,0.5414,TIC 461662295,0
16.1956,1,0.00077,2.32,2.5e-05,0.000333,0.6703,TIC 264678534,1
2.051,12,0.18245,2.28,0.000465,0.080129,0.7208,TIC 268924036,1
2.2851,10,0.00277,2.35,1e-06,0.00118,0.6736,TIC 161156159,0
2.9582,8,0.02164,5.04,0.000447,0.004296,0.32,TIC 166833457,1
3.6216,6,0.0259,2.37,0.000313,0.010932,0.6932,TIC 11439959,1
7.6406,3,0.00307,3.08,2.4e-05,0.000998,0.5253,TIC 341544930,0
0.9097,26,0.04735,2.26,0.000943,0.020906,0.8048,TIC 129881395,0
5.3872,5,0.00236,2.28,2.1e-05,0.001035,0.6986,TIC 466382581,1
17.7954,1,0.01179,2.31,5e-06,0.005104,0.7114,TIC 4999813,0
2.0315,14,0.01195,2.85,0.000187,0.004186,0.5573,TIC 291685334,1
11.4157,1,0.00166,2.35,1.2e-05,0.000706,0.6826,TIC 164767175,1
10.2939,2,0.01743,2.33,2.6e-05,0.007489,0.71,TIC 312548415,0
4.4897,5,0.00786,2.35,3e-05,0.003351,0.6969,TIC 443658196,0
10.6353,2,0.01651,3.01,0.000105,0.00548,0.5458,TIC 46772529,0
2.2949,9,0.01874,2.27,0.000713,0.008252,0.7161,TIC 280212554,0
2.1486,12,0.0025,2.85,8.7e-05,0.000876,0.5367,TIC 354619337,1
4.1873,6,0.01534,2.32,4.7e-05,0.006613,0.7022,TIC 358072664,0
13.4837,1,0.00108,2.31,1.2e-05,0.000466,0.6957,TIC 37749396,1
7.3967,3,0.0028,2.29,3.6e-05,0.001224,0.711,TIC 118327550,1
0.7731,29,0.07002,2.45,0.000583,0.028567,0.0,TIC 161223358,0
13.9617,1,0.00344,2.27,0.000142,0.001516,0.7094,TIC 159873822,1
5.3384,4,0.00771,2.28,6.3e-05,0.003378,0.7104,TIC 271581073,0
